,match_id,runs_after_10_overs,wickets_left,final_score
0,335982,87,9,222
1,335983,88,7,240
2,335984,57,6,129
3,335985,74,8,165
4,335988,45,6,142
5,335989,82,8,208
6,335990,85,7,214
7,335991,94,8,182
8,335992,77,5,135
9,335993,72,5,147
10,335994,54,7,154
11,335995,69,6,158
12,335996,65,8,178
13,335997,60,7,137
14,335998,91,9,191
15,335999,76,7,164
16,336000,89,8,196
17,336001,82,8,169
18,336003,85,8,178
19,336034,80,9,156
20,336004,74,8,162
21,336007,66,6,144
22,336009,83,8,187
23,336011,74,9,140
24,336013,85,7,181
25,336014,73,9,204
26,336015,68,7,156
27,336016,74,7,143
28,336017,69,8,133
29,336018,57,6,156
30,336020,76,9,194
31,336023,94,10,197
32,336024,78,7,178
33,336025,61,8,149
34,336026,70,8,154
35,336027,59,8,147
36,336028,84,9,189
37,336029,41,6,126
38,336031,70,10,175
39,336032,81,9,176
40,336033,107,10,211
41,336002,81,10,165
42,336035,82,9,174
43,336036,60,10,145
44,336037,57,8,147
45,336019,88,10,221
46,336038,83,7,192
47,336039,45,4,112
48,336040,75,8,163
49,392181,64,9,165
50,392182,57,6,133
51,392185,106,10,179
52,392186,67,7,158
53,392188,91,8,184
54,392189,90,7,189
55,392190,78,6,150
56,392191,71,7,168
57,392192,88,9,168
58,392194,74,7,149
59,392195,60,6,139
60,392196,88,8,165
61,392197,111,10,187
62,392198,66,6,143
63,392199,61,7,139
64,392200,50,7,119
65,392201,55,6,148
66,392202,81,8,164
67,392203,61,7,148
68,392204,62,7,145
69,392205,58,7,141
70,392206,77,8,163
71,392207,52,9,153
72,392208,53,7,149
73,392209,84,9,178
74,392210,93,10,211
75,392211,69,9,154
76,392212,63,7,145
77,392213,49,6,105
78,392215,43,6,116
79,392216,72,7,168
80,392217,61,8,140
81,392218,67,8,157
82,392219,52,5,123
83,392220,77,7,166
84,392221,69,8,173
85,392222,70,6,119
86,392223,81,7,173
87,392225,66,8,145
88,392226,52,6,120
89,392227,70,8,147
90,392228,50,9,160
91,392229,55,6,134
92,392230,60,8,150
93,392231,83,8,188
94,392232,63,7,134
95,392233,60,5,101
96,392234,70,6,116
97,392235,72,7,165
98,392236,64,8,170
99,392237,83,8,153
100,392238,74,8,146
101,392239,62,7,143
102,419106,57,6,161
103,419107,101,7,212
104,419108,76,6,142
105,419109,57,6,135
106,419110,80,8,190
107,419111,57,6,141
108,419112,87,10,203
109,419113,59,7,164
110,419114,112,8,218
111,419116,88,9,185
112,419117,100,9,170
113,419118,92,7,168
114,419119,74,7,151
115,419120,77,7,171
116,419121,59,7,136
117,419122,67,10,155
118,419123,67,7,171
119,419124,87,8,183
120,419125,85,8,180
121,419128,95,8,183
122,419126,79,6,148
123,419127,75,8,183
124,419129,96,9,177
125,419130,77,7,172
126,419131,91,7,177
127,419132,85,8,163
128,419133,80,8,161
129,419134,79,6,188
130,419135,80,7,181
131,419136,74,8,181
132,419137,91,8,246
133,419138,70,7,178
134,419139,69,9,200
135,419140,89,7,184
136,419142,85,8,165
137,419143,86,8,153
138,419144,87,10,181
139,419145,68,7,184
140,419146,74,6,154
141,419147,74,8,138
142,419148,83,9,160
143,419150,73,7,174
144,419151,71,7,151
145,419152,66,8,183
146,419153,51,6,139
147,419154,53,7,130
148,419155,55,4,112
149,419156,72,9,174
150,419157,75,9,191
151,419158,73,8,132
152,419159,86,9,192
153,419160,79,6,145
154,419161,69,8,133
155,419162,81,6,184
156,419163,62,7,142
157,419165,58,8,168
158,501198,78,9,153
159,501199,69,7,137
160,501200,82,9,161
161,501203,65,9,163
162,501204,43,6,151
163,501205,50,8,140
164,501206,67,8,188
165,501207,65,6,148
166,501208,73,8,175
167,501209,67,9,159
168,501210,71,9,182
169,501211,80,9,183
170,501212,81,9,165
171,501213,98,7,187
172,501216,90,9,168
173,501219,55,7,132
174,501220,106,8,195
175,501221,67,8,164
176,501222,76,9,171
177,501223,115,10,231
178,501224,72,6,172
179,501225,54,7,109
180,501226,66,8,142
181,501227,69,7,160
182,501228,54,6,141
183,501229,37,7,129
184,501230,64,8,148
185,501231,50,6,94
186,501232,78,8,181
187,501233,46,7,157
188,501234,55,6,119
189,501235,77,8,143
190,501236,58,9,165
191,501237,67,9,159
192,501238,62,7,140
193,501239,73,9,169
194,501240,86,10,147
195,501241,65,8,160
196,501242,69,8,156
197,501243,67,8,175
198,501244,103,9,205
199,501245,40,8,114
200,501246,76,8,178
201,501247,72,7,125
202,501248,71,8,119
203,501249,84,9,196
204,501250,72,8,136
205,501251,85,9,163
206,501252,74,8,146
207,501253,67,8,176
208,501254,103,9,178
209,501256,53,7,135
210,501257,70,9,170
211,501259,62,5,136
212,501260,99,9,232
213,501261,64,7,152
214,501262,54,7,118
215,501263,55,8,133
216,501264,85,10,198
217,501266,36,6,128
218,501267,81,7,175
219,501268,73,8,175
220,501269,49,6,147
221,501270,111,10,185
222,501271,94,10,205
223,548308,51,6,129
224,548309,82,9,191
225,548310,69,6,157
226,548311,75,7,193
227,548312,68,7,164
228,548313,71,8,166
229,548314,61,7,138
230,548315,92,9,165
231,548316,66,6,110
232,548317,80,7,197
233,548318,96,9,205
234,548320,58,7,131
235,548322,71,8,155
236,548323,60,8,134
237,548324,61,10,195
238,548326,83,10,196
239,548327,96,9,182
240,548328,63,8,124
241,548321,84,8,157
242,548330,68,10,164
243,548331,70,7,163
244,548332,62,8,146
245,548333,88,9,192
246,548334,58,8,163
247,548335,67,9,126
248,548336,62,8,189
249,548337,50,8,146
250,548339,56,8,168
251,548341,71,8,177
252,548342,88,10,207
253,548343,77,9,156
254,548344,87,10,190
255,548345,73,8,152
256,548347,73,8,139
257,548348,58,8,186
258,548349,80,9,141
259,548350,59,9,158
260,548351,72,8,120
261,548352,82,8,160
262,548353,98,10,150
263,548354,94,8,177
264,548355,72,8,173
265,548356,74,10,181
266,548357,79,8,153
267,548358,56,8,125
268,548359,86,8,170
269,548360,48,7,141
270,548329,64,8,187
271,548361,61,7,126
272,548362,88,9,173
273,548363,76,9,182
274,548364,52,6,114
275,548365,77,9,170
276,548366,76,8,190
277,548367,69,7,171
278,548368,86,10,158
279,548369,64,6,136
280,548370,54,7,140
281,548371,45,7,120
282,548372,79,9,215
283,548373,61,7,126
284,548374,50,6,141
285,548375,45,8,136
286,548376,47,7,132
287,548377,74,8,162
288,548378,68,9,162
289,548379,61,8,187
290,548380,83,9,222
291,548381,86,10,190
292,597998,68,7,128
293,597999,59,7,156
294,598000,60,8,126
295,598001,73,9,165
296,598002,72,6,148
297,598003,38,5,99
298,598004,55,7,130
299,598005,63,8,144
300,598006,80,8,209
301,598048,62,8,161
302,598008,72,8,154
303,598009,72,9,145
304,598010,46,6,114
305,598011,72,8,183
306,598012,64,8,165
307,598013,76,9,180
308,598015,78,10,159
309,598016,70,8,157
310,598017,66,8,152
311,598018,42,5,119
312,598019,88,9,179
313,598020,60,9,169
314,598021,55,7,123
315,598022,65,6,119
316,598024,57,8,161
317,598025,77,10,185
318,598026,88,8,185
319,598027,128,10,263
320,598059,54,7,120
321,598029,81,8,159
322,598030,62,6,159
323,598031,72,8,149
324,598032,64,4,144
325,598033,97,9,194
326,598034,103,10,200
327,598035,68,8,164
328,598036,75,8,171
329,598037,59,8,174
330,598038,55,8,164
331,598039,60,8,129
332,598040,50,5,136
333,598041,69,9,186
334,598042,75,9,187
335,598043,69,8,132
336,598046,47,7,139
337,598047,92,10,178
338,598064,86,10,190
339,598049,55,7,154
340,598050,69,10,170
341,598051,91,9,223
342,598052,73,9,145
343,598053,66,8,152
344,598054,74,8,183
345,598055,58,8,112
346,598056,56,5,150
347,598057,54,8,115
348,598058,75,10,141
349,598060,87,9,178
350,598045,52,9,174
351,598062,71,8,168
352,598061,72,9,170
353,598063,81,9,166
354,598028,76,9,171
355,598065,48,7,136
356,598066,80,8,183
357,598067,74,8,172
358,598069,56,8,130
359,598070,69,9,192
360,598071,48,8,132
361,598072,65,7,165
362,598073,58,6,148
363,729279,63,9,163
364,729281,49,6,145
365,729283,102,10,205
366,729285,69,9,133
367,729287,63,7,115
368,729289,63,8,166
369,729291,85,8,191
370,729293,65,9,177
371,729295,77,9,193
372,729297,71,7,140
373,729299,82,8,150
374,729301,81,9,184
375,729303,57,8,141
376,729307,76,6,132
377,729309,49,6,125
378,729311,65,8,145
379,729313,69,5,124
380,729315,63,8,152
381,729317,71,8,172
382,733973,70,8,168
383,733975,71,7,152
384,733977,72,8,155
385,733979,76,9,170
386,733981,75,8,178
387,733983,85,6,187
388,733985,66,7,160
389,733987,69,8,231
390,733989,74,7,134
391,733991,107,7,198
392,733993,75,7,143
393,733995,57,9,157
394,733997,85,8,149
395,733999,57,7,190
396,734001,70,8,157
397,734003,84,9,148
398,734005,60,8,186
399,734007,72,9,205
400,734009,62,8,141
401,734011,86,9,201
402,734013,55,8,138
403,734015,77,7,142
404,734017,76,10,178
405,734019,84,9,164
406,734021,48,8,160
407,734023,59,9,154
408,734025,90,8,156
409,734027,86,7,195
410,734029,81,7,185
411,734033,83,8,179
412,734035,56,7,154
413,734037,78,8,160
414,734041,59,9,189
415,734043,72,7,163
416,734045,82,9,173
417,734047,109,10,226
418,734049,58,8,199
419,829705,57,7,168
420,829707,82,7,150
421,829709,73,7,162
422,829711,89,9,209
423,829713,77,10,177
424,829715,84,9,184
425,829717,87,8,177
426,829721,45,7,164
427,829725,73,9,165
428,829727,55,7,127
429,829729,62,6,183
430,829731,80,9,167
431,829733,77,7,155
432,829735,68,6,156
433,829737,83,9,209
434,829739,69,7,146
435,829741,90,10,191
436,829743,80,10,176
437,829745,81,8,181
438,829747,65,9,190
439,829749,73,7,130
440,829751,72,8,157
441,829753,97,9,192
442,829759,76,7,150
443,829765,73,7,134
444,829763,83,8,200
445,829723,88,5,165
446,829767,46,4,118
447,829769,81,8,187
448,829773,107,8,192
449,829775,96,10,172
450,829777,74,9,189
451,829779,68,8,148
452,829781,77,9,167
453,829783,69,7,152
454,829785,104,10,226
455,829761,72,8,171
456,829787,88,9,201
457,829789,67,7,158
458,829791,75,9,183
459,829793,62,8,163
460,829795,88,9,235
461,829797,60,8,157
462,829799,86,9,185
463,829801,46,7,119
464,829805,67,7,171
465,829809,56,5,130
466,829811,107,9,199
467,829813,91,9,187
468,829815,54,5,113
469,829817,86,10,187
470,829819,60,8,180
471,829821,46,7,139
472,829823,98,9,202
473,980901,48,5,121
474,980905,87,9,161
475,980907,88,9,227
476,980909,81,9,187
477,980911,87,9,163
478,980913,58,6,111
479,980915,52,6,142
480,980917,59,7,143
481,980919,76,8,152
482,980921,97,9,191
483,980923,58,7,142
484,980925,56,8,138
485,980927,89,9,170
486,980929,74,7,135
487,980931,79,9,185
488,980933,65,7,164
489,980935,65,6,143
490,980937,76,8,180
491,980939,61,9,160
492,980941,77,9,189
493,980943,39,5,118
494,980945,110,10,172
495,980947,87,8,174
496,980949,79,9,195
497,980951,70,7,186
498,980953,82,9,194
499,980957,93,8,159
500,980959,79,9,185
501,980961,65,7,149
502,980963,74,10,164
503,980965,69,7,162
504,980967,54,6,126
505,980969,89,9,191
506,980971,76,8,181
507,980973,85,9,177
508,980975,57,6,158
509,980977,73,7,175
510,980979,63,9,137
511,980981,60,8,151
512,980983,80,9,146
513,980985,45,7,124
514,980987,76,9,248
515,980991,77,9,179
516,980993,84,9,206
517,980995,87,9,183
518,980997,49,7,121
519,981001,55,6,124
520,981003,68,7,158
521,981005,76,8,172
522,981007,72,7,172
523,981009,85,7,171
524,981011,75,7,138
525,981013,58,7,158
526,981015,71,7,162
527,981017,67,7,162
528,981019,97,8,208
529,1082591,88,9,207
530,1082592,82,7,184
531,1082593,91,8,183
532,1082594,63,7,163
533,1082595,61,7,157
534,1082596,60,6,135
535,1082597,79,7,178
536,1082598,53,7,148
537,1082599,81,8,205
538,1082600,75,10,158
539,1082601,95,8,170
540,1082602,66,9,142
541,1082603,92,7,171
542,1082604,75,8,172
543,1082605,83,8,188
544,1082606,75,9,176
545,1082607,79,8,161
546,1082608,83,8,168
547,1082609,53,7,159
548,1082610,92,10,213
549,1082611,80,9,191
550,1082612,69,9,198
551,1082613,96,9,187
552,1082614,67,6,142
553,1082615,65,9,176
554,1082616,88,8,188
555,1082618,84,9,160
556,1082620,83,9,182
557,1082621,61,5,134
558,1082622,78,9,160
559,1082623,107,9,207
560,1082624,67,8,157
561,1082625,70,6,153
562,1082627,123,10,209
563,1082628,80,8,162
564,1082630,83,8,185
565,1082631,59,6,155
566,1082632,93,8,208
567,1082633,55,7,138
568,1082634,51,8,148
569,1082635,84,9,212
570,1082636,63,7,158
571,1082637,81,9,189
572,1082638,59,7,138
573,1082639,63,7,167
574,1082640,91,7,195
575,1082641,126,9,230
576,1082642,85,7,168
577,1082644,79,8,173
578,1082646,66,9,161
579,1082647,63,8,162
580,1082648,61,9,128
581,1082650,56,7,129
582,1136561,65,8,165
583,1136562,77,8,166
584,1136563,82,8,176
585,1136564,71,7,125
586,1136565,89,5,202
587,1136567,78,6,147
588,1136569,107,9,194
589,1136570,70,8,138
590,1136571,76,8,217
591,1136572,115,9,197
592,1136573,85,8,200
593,1136574,95,8,213
594,1136575,71,8,160
595,1136576,82,9,193
596,1136577,107,9,204
597,1136578,86,7,191
598,1136579,58,8,174
599,1136580,54,8,182
600,1136581,93,9,167
601,1136582,68,7,143
602,1136584,87,9,205
603,1136585,57,7,132
604,1136586,84,9,219
605,1136587,91,9,169
606,1136588,70,9,151
607,1136589,75,8,175
608,1136590,96,10,211
609,1136591,82,8,167
610,1136593,90,9,177
611,1136594,78,9,174
612,1136595,68,7,127
613,1136596,95,9,163
614,1136597,95,9,181
615,1136598,81,8,152
616,1136599,61,7,146
617,1136600,82,8,158
618,1136601,72,8,210
619,1136602,52,7,187
620,1136603,88,9,176
621,1136604,106,9,245
622,1136605,78,8,181
623,1136606,62,9,179
624,1136607,86,10,168
625,1136610,79,6,186
626,1136611,84,8,218
627,1136612,77,9,162
628,1136613,74,9,164
629,1136614,92,9,172
630,1136615,83,7,174
631,1136617,64,6,139
632,1136618,63,6,169
633,1136619,79,8,174
634,1136620,73,8,178
635,1175357,92,10,181
636,1175358,82,8,213
637,1175359,68,8,184
638,1175360,65,9,147
639,1175361,89,8,218
640,1175362,82,9,187
641,1175363,75,9,198
642,1175364,91,8,176
643,1175365,64,5,185
644,1175366,105,10,231
645,1175367,55,7,175
646,1175368,85,7,166
647,1175369,73,8,158
648,1175370,57,7,170
649,1175371,56,7,129
650,1175372,78,9,205
651,1178393,71,9,160
652,1178394,52,7,136
653,1178395,63,8,149
654,1178396,56,9,139
655,1178397,50,9,150
656,1178398,47,5,108
657,1178399,93,10,197
658,1178400,74,6,151
659,1178401,72,8,178
660,1178402,92,10,187
661,1178403,90,8,173
662,1178404,77,9,161
663,1178405,87,7,155
664,1178406,70,8,171
665,1178407,75,8,182
666,1178408,80,9,132
667,1178409,75,7,168
668,1178410,70,8,213
669,1178411,81,9,161
670,1178412,92,7,163
671,1178413,80,6,159
672,1178414,74,8,161
673,1178415,95,9,191
674,1178416,91,9,175
675,1178417,84,6,202
676,1178418,49,7,175
677,1178419,84,9,155
678,1178420,86,9,160
679,1178421,88,9,187
680,1178422,97,9,232
681,1178423,103,9,212
682,1178425,53,9,179
683,1178426,76,9,162
684,1178427,84,8,183
685,1178428,55,6,115
686,1178429,71,7,175
687,1178430,79,9,170
688,1178431,61,8,133
689,1181764,50,7,131
690,1181766,71,8,162
691,1181767,68,7,147
692,1181768,70,8,149
693,1216492,86,8,162
694,1216493,49,7,157
695,1216534,86,10,163
696,1216496,119,9,216
697,1216508,94,9,195
698,1216510,90,9,206
699,1216539,88,10,175
700,1216545,61,8,142
701,1216527,110,10,223
702,1216547,85,9,201
703,1216532,82,9,162
704,1216504,82,8,174
705,1216503,62,8,191
706,1216516,63,8,164
707,1216514,70,7,154
708,1216515,89,9,228
709,1216513,71,9,178
710,1216538,90,8,208
711,1216519,85,8,196
712,1216511,90,7,193
713,1216501,93,8,167
714,1216542,100,10,201
715,1216500,87,6,184
716,1216523,60,8,164
717,1216525,65,9,169
718,1216507,63,9,158
719,1216529,80,8,162
720,1216540,78,9,194
721,1216528,69,8,167
722,1216543,79,8,161
723,1216531,83,8,171
724,1216526,57,6,148
725,1216509,71,9,179
726,1216522,80,7,177
727,1216512,77,9,163
728,1216517,70,7,176
729,1216533,56,6,125
730,1216546,83,8,164
731,1216494,36,5,84
732,1216518,74,9,154
733,1216521,52,3,114
734,1216497,75,7,194
735,1216498,66,8,126
736,1216541,89,9,195
737,1216544,72,8,145
738,1216520,92,6,149
739,1216524,113,9,219
740,1216499,88,9,164
741,1216536,70,8,172
742,1216537,81,9,185
743,1216502,61,8,120
744,1216535,49,8,110
745,1216506,65,8,153
746,1216530,84,7,191
747,1216505,60,9,152
748,1216495,78,8,149
749,1237177,93,8,200
750,1237178,54,8,131
751,1237180,102,9,189
752,1237181,75,7,156
753,1254058,86,9,159
754,1254059,71,7,188
755,1254060,83,9,187
756,1254061,89,8,221
757,1254062,81,9,152
758,1254063,63,8,149
759,1254064,57,6,147
760,1254065,48,5,106
761,1254066,75,8,150
762,1254067,84,8,204
763,1254068,94,10,195
764,1254069,82,7,188
765,1254070,78,6,137
766,1254072,82,10,220
767,1254073,70,6,177
768,1254074,49,8,131
769,1254075,55,7,133
770,1254076,83,9,191
771,1254077,80,10,159
772,1254078,56,7,123
773,1254079,68,7,171
774,1254080,69,9,171
775,1254081,91,8,171
776,1254082,73,8,154
777,1254083,90,9,179
778,1254084,95,9,218
779,1254085,77,9,220
780,1254086,63,8,166
781,1254104,44,6,156
782,1254111,94,8,185
783,1254105,61,7,134
784,1254096,80,9,155
785,1254113,90,10,156
786,1254097,66,8,154
787,1254107,55,8,125
788,1254098,78,7,171
789,1254108,82,8,165
790,1254100,77,8,164
791,1254092,64,8,127
792,1254099,62,6,135
793,1254103,91,9,149
794,1254091,63,8,134
795,1254102,76,9,165
796,1254089,63,8,189
797,1254112,66,8,129
798,1254090,69,8,164
799,1254109,51,7,115
800,1254110,69,6,136
801,1254093,50,5,90
802,1254095,76,9,141
803,1254094,53,6,134
804,1254106,69,10,171
805,1254088,131,7,235
806,1254101,88,10,164
807,1254114,79,7,172
808,1254115,70,8,138
809,1254116,65,9,135
810,1254117,80,9,192
811,1304047,57,6,131
812,1304048,79,9,177
813,1304049,70,9,205
814,1304050,47,6,158
815,1304051,87,8,210
816,1304053,106,8,210
817,1304055,87,8,193
818,1304056,66,8,171
819,1304057,109,7,180
820,1304058,68,7,169
821,1304059,76,9,169
822,1304060,54,8,161
823,1304061,73,8,149
824,1304062,86,8,189
825,1304063,68,8,154
826,1304064,62,6,151
827,1304065,101,9,215
828,1304066,67,6,165
829,1304067,80,7,162
830,1304068,60,8,216
831,1304069,99,9,198
832,1304070,72,7,192
833,1304071,70,6,175
834,1304072,94,9,199
835,1304073,81,6,189
836,1304074,70,6,151
837,1304075,66,8,169
838,1304076,99,9,217
839,1304077,87,6,181
840,1304078,77,6,115
841,1304079,56,6,155
842,1304080,87,10,222
843,1304081,78,9,156
844,1304083,72,9,168
845,1304084,72,9,187
846,1304085,69,6,144
847,1304086,83,8,195
848,1304087,56,6,146
849,1304088,67,9,153
850,1304089,75,9,170
851,1304090,73,8,158
852,1304091,94,9,195
853,1304092,85,10,202
854,1304093,62,8,152
855,1304094,62,7,143
856,1304095,79,7,173
857,1304096,91,7,207
858,1304097,97,9,177
859,1304098,88,9,189
860,1304099,90,8,176
861,1304100,93,9,192
862,1304101,100,10,208
863,1304102,87,9,165
864,1304103,59,7,144
865,1304104,68,8,160
866,1304106,105,7,209
867,1304107,83,6,177
868,1304108,73,8,133
869,1304109,90,8,178
870,1304110,86,8,159
871,1304111,97,8,193
872,1304112,83,10,210
873,1304113,72,7,168
874,1304114,94,7,150
875,1304115,55,6,159
876,1304116,71,8,157
877,1312197,79,8,188
878,1312198,84,8,207
879,1312199,74,9,157
880,1312200,71,8,130
881,1359475,93,7,178
882,1359476,100,9,191
883,1359477,89,9,193
884,1359478,122,9,203
885,1359479,55,6,171
886,1359480,114,9,217
887,1359481,78,6,162
888,1359482,92,9,197
889,1359483,79,7,204
890,1359484,63,6,121
891,1359485,103,8,199
892,1359486,84,5,157
893,1359487,88,9,204
894,1359488,73,5,143
895,1359489,87,10,212
896,1359491,95,7,175
897,1359492,75,7,153
898,1359493,94,8,228
899,1359494,89,9,174
900,1359495,74,8,159
901,1359496,90,7,185
902,1359497,88,8,177
903,1359498,97,8,226
904,1359499,80,9,192
905,1359500,79,10,154
906,1359501,91,10,174
907,1359502,64,6,127
908,1359503,76,8,134
909,1359504,71,9,135
910,1359505,83,6,214
911,1359506,101,8,189
912,1359507,94,9,235
913,1359508,72,5,144
914,1359509,84,8,207
915,1359510,88,8,200
916,1359511,100,9,202
917,1359512,128,8,257
918,1359513,84,8,179
919,1359514,83,6,197
920,1359515,90,9,200
921,1359516,96,8,212
922,1359517,65,9,126
923,1359518,54,5,130
924,1359520,78,8,214
925,1359521,90,7,171
926,1359523,64,7,139
927,1359524,79,10,181
928,1359525,121,10,227
929,1359526,107,9,214
930,1359527,82,7,179
931,1359528,104,8,199
932,1359529,66,7,167
933,1359530,76,8,149
934,1359531,96,7,218
935,1359532,95,7,182
936,1359533,66,7,167
937,1359534,78,9,171
938,1359535,68,7,144
939,1359536,103,9,188
940,1359537,68,7,177
941,1359538,93,10,213
942,1359539,81,8,186
943,1359540,78,6,187
944,1359541,87,10,223
945,1359542,73,6,176
946,1359543,93,10,200
947,1359544,93,7,197
948,1370350,85,10,172
949,1370351,98,8,182
950,1370352,91,9,233
951,1370353,86,9,214
952,1422119,75,7,173
953,1422120,86,8,174
954,1422121,77,6,208
955,1422122,89,8,193
956,1422123,82,8,168
957,1422124,78,8,176
958,1422125,104,9,206
959,1422126,148,8,277
960,1422127,58,7,185
961,1422128,85,8,182
962,1422129,88,7,199
963,1422130,74,7,162
964,1422131,95,9,191
965,1422132,77,5,125
966,1422133,84,8,181
967,1422134,135,9,272
968,1422135,83,8,199
969,1422136,84,8,165
970,1422137,88,10,183
971,1422138,105,8,234
972,1422139,74,8,163
973,1426260,70,6,137
974,1426261,66,6,182
975,1426262,73,8,196
976,1426263,86,8,196
977,1426264,80,5,167
978,1426265,53,6,147
979,1426266,72,8,161
980,1426267,80,8,206
981,1426268,128,9,287
982,1426269,100,9,223
983,1426271,86,9,192
984,1426272,81,7,176
985,1426273,158,6,266
986,1426274,107,6,222
987,1426275,74,7,142
988,1426276,72,6,179
989,1426277,85,8,210
990,1426278,80,7,224
991,1426279,94,8,206
992,1426280,136,10,261
993,1426281,128,8,257
994,1426282,94,8,196
995,1426283,82,8,200
996,1426284,92,9,212
997,1426285,93,6,153
998,1426286,57,6,144
999,1426287,71,7,162
1000,1426288,75,8,201
1001,1426291,79,6,167
1002,1426292,110,9,235
1003,1426293,88,8,173
1004,1426294,115,7,221
1005,1426295,57,7,165
1006,1426296,119,7,241
1007,1426297,107,10,231
1008,1426299,61,8,141
1009,1426300,110,8,187
1010,1426302,106,8,208
1011,1426303,58,7,144
1012,1426305,69,7,214
1013,1426306,78,9,218
1014,1426307,99,9,214
1015,1426310,76,8,172
1016,1426311,99,6,175
1017,1473438,107,8,174
1018,1473439,135,8,286
1019,1473440,82,7,155
1020,1473441,117,9,209
1021,1473442,104,8,243
1022,1473443,76,6,151
1023,1473444,96,7,190
1024,1473445,93,8,196
1025,1473446,92,9,196
1026,1473448,99,8,182
1027,1473450,76,7,171
1028,1473451,73,6,169
1029,1473452,84,8,200
1030,1473453,100,8,203
1031,1473454,82,8,183
1032,1473455,85,10,205
1033,1473457,64,7,152
1034,1473458,99,8,221
1035,1473456,95,10,238
1036,1473459,94,5,219
1037,1473460,94,8,217
1038,1473461,91,6,163
1039,1473462,61,7,103
1040,1473463,103,10,180
1041,1473464,120,8,245
1042,1473465,77,9,173
1043,1473466,94,8,205
1044,1473467,78,7,166
1045,1473469,76,8,188
1046,1473470,75,8,162
1047,1473472,105,7,203
1048,1473473,76,7,180
1049,1473474,79,6,157
1050,1473475,70,7,176
1051,1473476,88,10,198
1052,1473477,87,9,159
1053,1473478,52,5,143
1054,1473479,83,9,205
1055,1473481,90,10,201
1056,1473482,105,8,215
1057,1473483,72,7,162
1058,1473484,92,10,209
1059,1473485,117,6,204
1060,1473487,99,10,217
1061,1473488,120,9,224
1062,1473489,97,9,213
1063,1473490,86,8,206
1064,1473491,100,8,236
1065,1473492,47,5,133
1066,1473493,89,8,155
1067,1473494,87,7,179
1068,1473497,97,7,219
1069,1473498,81,9,199
1070,1473499,108,10,205
1071,1473500,102,5,187
1072,1473501,80,7,180
1073,1473502,97,9,235
1074,1473503,113,7,231
1075,1485779,97,7,206
1076,1473504,115,8,230
1077,1473505,139,9,278
1078,1473506,83,8,184
1079,1473507,100,9,227
1080,1473509,113,9,228
1081,1473510,102,8,203
1082,1473511,87,8,190
